{"cameraMode":{"drawMode":0,"name":"Shaded","section":"Shading Mode"},"sceneLighting":false,"audioPlay":false,"sceneViewState":{"showFog":true,"showMaterialUpdate":true,"showSkybox":false,"showFlares":true,"showImageEffects":true,"showParticleSystems":true},"in2DMode":false,"pivot":{"x":0.050562649965286258,"y":5.329097270965576,"z":0.0015984755009412766},"rotation":{"x":-0.10449164360761643,"y":0.07760369032621384,"z":-0.008178625255823136,"w":-0.9914597272872925},"size":0.2552863359451294,"orthographic":false}