{"cameraMode":{"drawMode":0,"name":"Shaded","section":"Shading Mode"},"sceneLighting":false,"audioPlay":false,"sceneViewState":{"showFog":true,"showMaterialUpdate":true,"showSkybox":false,"showFlares":true,"showImageEffects":true,"showParticleSystems":true},"in2DMode":false,"pivot":{"x":18.46776580810547,"y":2.2264978885650636,"z":-22.61982536315918},"rotation":{"x":0.054761677980422977,"y":-0.7143823504447937,"z":0.05625982582569122,"w":0.6953372955322266},"size":0.6988817453384399,"orthographic":false}