{"cameraMode":{"drawMode":0,"name":"Shaded","section":"Shading Mode"},"sceneLighting":true,"audioPlay":false,"sceneViewState":{"showFog":true,"showMaterialUpdate":true,"showSkybox":true,"showFlares":true,"showImageEffects":true,"showParticleSystems":true},"in2DMode":false,"pivot":{"x":345.7373046875,"y":19.7081356048584,"z":357.8529968261719},"rotation":{"x":-0.0048302579671144489,"y":0.9931474924087524,"z":-0.10799004882574082,"w":-0.04442236199975014},"size":18.492015838623048,"orthographic":false}