{"cameraMode":{"drawMode":0,"name":"Shaded","section":"Shading Mode"},"sceneLighting":false,"audioPlay":false,"sceneViewState":{"showFog":true,"showMaterialUpdate":true,"showSkybox":false,"showFlares":true,"showImageEffects":true,"showParticleSystems":true},"in2DMode":false,"pivot":{"x":-35.07334899902344,"y":1.5465047359466553,"z":7.662003517150879},"rotation":{"x":-0.1919858306646347,"y":0.31266969442367556,"z":-0.06468527764081955,"w":-0.9280059337615967},"size":4.286825656890869,"orthographic":false}