{"cameraMode":{"drawMode":0,"name":"Shaded","section":"Shading Mode"},"sceneLighting":false,"audioPlay":false,"sceneViewState":{"showFog":true,"showMaterialUpdate":true,"showSkybox":false,"showFlares":true,"showImageEffects":true,"showParticleSystems":true},"in2DMode":false,"pivot":{"x":0.349517822265625,"y":1.4828130006790162,"z":-0.20215684175491334},"rotation":{"x":0.0027882829308509828,"y":-0.9881529211997986,"z":0.15237829089164735,"w":0.018081799149513246},"size":4.511181831359863,"orthographic":false}