{"cameraMode":{"drawMode":0,"name":"Shaded","section":"Shading Mode"},"sceneLighting":false,"audioPlay":false,"sceneViewState":{"showFog":true,"showMaterialUpdate":true,"showSkybox":false,"showFlares":true,"showImageEffects":true,"showParticleSystems":true},"in2DMode":false,"pivot":{"x":-1.8899998664855958,"y":0.7857434153556824,"z":-9.30056381225586},"rotation":{"x":-0.4910678267478943,"y":0.23373636603355409,"z":-0.13868343830108643,"w":-0.8276392221450806},"size":5.793806076049805,"orthographic":false}